P0.5N2L100.form, 136, 331, 55, true
P0.5N2L100.form1, 127, 4, 6, false
P0.5N2L100.form2, 130, 0, 1, false
P0.5N2L100.form3, 142, 2, 43, true
P0.5N2L100.form4, 133, 2, 1, false
P0.5N2L100.form5, 157, 2, 1, false
P0.5N2L100.form6, 139, 82, 12, true
P0.5N2L100.form7, 127, 1, 0, false
P0.5N2L100.form8, 142, 14, 21, true
P0.5N2L100.form9, 130, 6, 0, false
P0.5N2L100.form10, 130, 0, 0, false
P0.5N2L100.form11, 130, 0, 0, false
P0.5N2L100.form12, 136, 57, 19, true
P0.5N2L100.form13, 130, 1, 0, false
P0.5N2L100.form14, 139, 0, 0, false
P0.5N2L100.form15, 136, 1, 1, false
P0.5N2L100.form16, 130, 1, 0, false
P0.5N2L100.form17, 148, 90, 4, false
P0.5N2L100.form18, 136, 0, 0, false
P0.5N2L100.form19, 130, 1, 0, false
P0.5N2L100.form20, 133, 1, 0, false
P0.5N2L100.form21, 136, 0, 0, false
P0.5N2L100.form22, 145, 0, 0, false
P0.5N2L100.form23, 142, 9, 15, true
P0.5N2L100.form24, 145, 97, 3, false
P0.5N2L100.form25, 151, 1, 0, false
P0.5N2L100.form26, 151, 0, 0, false
P0.5N2L100.form27, 139, 6, 12, false
P0.5N2L100.form28, 145, 2, 1, false
P0.5N2L100.form29, 130, 7, 15, false
P0.5N2L100.form30, 121, 16, 6, false
P0.5N2L100.form31, 124, 1, 1, false
P0.5N2L100.form32, 142, 1, 0, false
P0.5N2L100.form33, 139, 2, 1, false
P0.5N2L100.form34, 130, 0, 0, false
P0.5N2L100.form35, 136, 6, 17, true
P0.5N2L100.form36, 154, 7, 3, false
P0.5N2L100.form37, 154, 1, 0, false
P0.5N2L100.form38, 124, 65, 9, false
P0.5N2L100.form39, 151, 12, 2, false
P0.5N2L100.form40, 154, 5, 25, false
P0.5N2L100.form41, 148, 1, 0, false
P0.5N2L100.form42, 148, 0, 0, false
P0.5N2L100.form43, 142, 6, 14, false
P0.5N2L100.form44, 136, 1, 0, false
P0.5N2L100.form45, 139, 1, 0, false
P0.5N2L100.form46, 127, 0, 1, false
P0.5N2L100.form47, 139, 15, 3, false
P0.5N2L100.form48, 145, 1, 0, false
P0.5N2L100.form49, 130, 61, 15, true
P0.5N2L100.form50, 130, 5, 0, false
P0.5N2L100.form51, 139, 0, 0, false
P0.5N2L100.form52, 124, 1, 0, false
P0.5N2L100.form53, 124, 0, 0, false
P0.5N2L100.form54, 136, 3, 17, true
P0.5N2L100.form55, 133, 0, 0, false
P0.5N2L100.form56, 139, 24, 0, false
P0.5N2L100.form57, 142, 0, 1, false
P0.5N2L100.form58, 130, 10, 24, true
P0.5N2L100.form59, 139, 7, 1, false
P0.5N2L100.form60, 136, 6, 2, false
P0.5N2L100.form61, 127, 1, 1, false
P0.5N2L100.form62, 127, 0, 1, false
P0.5N2L100.form63, 130, 1, 0, false
P0.5N2L100.form64, 142, 7, 21, true
P0.5N2L100.form65, 154, 11, 0, false
P0.5N2L100.form66, 136, 0, 1, false
P0.5N2L100.form67, 136, 1, 1, false
P0.5N2L100.form68, 142, 0, 0, false
P0.5N2L100.form69, 121, 5, 0, false
P0.5N2L100.form70, 127, 2, 1, false
P0.5N2L100.form71, 133, 130, 3, false
P0.5N2L100.form72, 136, 0, 1, false
P0.5N2L100.form73, 154, 104, 0, false
P0.5N2L100.form74, 139, 22, 1, false
P0.5N2L100.form75, 145, 2, 0, false
P0.5N2L100.form76, 136, 0, 0, false
P0.5N2L100.form77, 166, 347, 33, true
P0.5N2L100.form78, 136, 0, 0, false
P0.5N2L100.form79, 130, 16, 2, false
P0.5N2L100.form80, 145, 15, 32, false
P0.5N2L100.form81, 142, 0, 0, false
P0.5N2L100.form82, 145, 1, 1, false
P0.5N2L100.form83, 145, 1, 0, false
P0.5N2L100.form84, 130, 3, 1, false
P0.5N2L100.form85, 136, 0, 0, false
P0.5N2L100.form86, 148, 0, 0, false
P0.5N2L100.form87, 133, 0, 0, false
P0.5N2L100.form88, 139, 34, 6, true
P0.5N2L100.form89, 136, 1, 0, false
P0.5N2L100.form90, 124, 0, 0, false
P0.5N2L100.form91, 136, 83, 79, false
P0.5N2L100.form92, 148, 11, 16, true
P0.5N2L100.form93, 142, 16, 1, false
P0.5N2L100.form94, 145, 0, 0, false
P0.5N2L100.form95, 130, 0, 0, false
P0.5N2L100.form96, 142, 3, 0, false
P0.5N2L100.form97, 121, 1, 0, false
P0.5N2L100.form98, 148, 22, 1, false
P0.5N2L100.form99, 124, 1, 1, false
P0.5N2L100.form100, 136, 1, 0, false
P0.5N2L100.form101, 136, 0, 1, false
P0.5N2L100.form102, 142, 0, 0, false
P0.5N2L100.form103, 124, 24, 2, false
P0.5N2L100.form104, 133, 126, 24, true
P0.5N2L100.form105, 139, 1450, 18, true
P0.5N2L100.form106, 145, 0, 1, false
P0.5N2L100.form107, 121, 1, 1, false
P0.5N2L100.form108, 151, 0, 0, false
P0.5N2L100.form109, 127, 13, 2, false
P0.5N2L100.form110, 130, 0, 0, false
P0.5N2L100.form111, 130, 1, 0, false
P0.5N2L100.form112, 127, 1, 0, false
P0.5N2L100.form113, 154, 0, 0, false
P0.5N2L100.form114, 154, TO, 12, true
P0.5N2L100.form115, 139, 0, 0, false
P0.5N2L100.form116, 124, 0, 0, false
P0.5N2L100.form117, 124, 1, 0, false
P0.5N2L100.form118, 139, 0, 1, false
P0.5N2L100.form119, 148, 1412, 67, true
P0.5N2L100.form120, 130, 15, 7, true
P0.5N2L100.form121, 127, 0, 0, false
P0.5N2L100.form122, 148, 0, 0, false
P0.5N2L100.form123, 157, 2, 1, false
P0.5N2L100.form124, 151, 19, 1, false
P0.5N2L100.form125, 124, 87, 30, true
P0.5N2L100.form126, 142, 1, 0, false
P0.5N2L100.form127, 124, 9, 40, true
P0.5N2L100.form128, 127, 0, 0, false
P0.5N2L100.form129, 133, 0, 0, false
P0.5N2L100.form130, 127, TO, 15, false
P0.5N2L100.form131, 127, 0, 0, false
P0.5N2L100.form132, 136, 1, 0, false
P0.5N2L100.form133, 133, 0, 0, false
P0.5N2L100.form134, 130, 0, 0, false
P0.5N2L100.form135, 145, 0, 0, false
P0.5N2L100.form136, 148, 0, 1, false
P0.5N2L100.form137, 127, 0, 0, false
P0.5N2L100.form138, 145, 2, 1, false
P0.5N2L100.form139, 124, 7, 22, true
P0.5N2L100.form140, 145, 0, 0, false
P0.5N2L100.form141, 142, 0, 0, false
P0.5N2L100.form142, 133, 0, 0, false
P0.5N2L100.form143, 130, 0, 0, false
P0.5N2L100.form144, 148, 0, 0, false
P0.5N2L100.form145, 145, 3, 0, false
P0.5N2L100.form146, 127, 0, 0, false
P0.5N2L100.form147, 121, 0, 1, false
P0.5N2L100.form148, 148, 4, 11, true
P0.5N2L100.form149, 154, 1, 1, false
P0.5N2L100.form150, 133, 1, 0, false
P0.5N2L100.form151, 124, 0, 0, false
P0.5N2L100.form152, 136, 1, 0, false
P0.5N2L100.form153, 139, 1, 0, false
P0.5N2L100.form154, 139, 0, 0, false
P0.5N2L100.form155, 136, 1, 0, false
P0.5N2L100.form156, 136, 0, 0, false
P0.5N2L100.form157, 139, 0, 0, false
P0.5N2L100.form158, 139, 35, 16, true
P0.5N2L100.form159, 121, 4, 8, true
P0.5N2L100.form160, 145, 10, 14, true
P0.5N2L100.form161, 127, 29, 22, true
P0.5N2L100.form162, 130, 9, 4, false
P0.5N2L100.form163, 151, 0, 0, false
P0.5N2L100.form164, 157, 26, 75, true
P0.5N2L100.form165, 124, 1, 0, false
P0.5N2L100.form166, 154, 1, 0, false
P0.5N2L100.form167, 124, 1, 1, false
P0.5N2L100.form168, 142, 1, 0, false
P0.5N2L100.form169, 145, 0, 0, false
P0.5N2L100.form170, 136, 0, 0, false
P0.5N2L100.form171, 139, 0, 0, false
P0.5N2L100.form172, 145, 31, 21, true
P0.5N2L100.form173, 133, 4, 0, false
P0.5N2L100.form174, 133, 1, 0, false
P0.5N2L100.form175, 136, 0, 0, false
P0.5N2L100.form176, 136, 2, 1, false
P0.5N2L100.form177, 142, 1, 1, false
P0.5N2L100.form178, 133, 5, 0, false
P0.5N2L100.form179, 151, TO, 1, false
P0.5N2L100.form180, 121, 0, 1, false
P0.5N2L100.form181, 124, 1, 0, false
P0.5N2L100.form182, 139, 0, 0, false
P0.5N2L100.form183, 121, 2, 9, true
P0.5N2L100.form184, 130, 0, 0, false
P0.5N2L100.form185, 124, 1, 0, false
P0.5N2L100.form186, 136, 0, 0, false
P0.5N2L100.form187, 127, 0, 0, false
P0.5N2L100.form188, 136, 1, 0, false
P0.5N2L100.form189, 157, 16, 20, true
P0.5N2L100.form190, 136, 35, 42, true
P0.5N2L100.form191, 139, 0, 0, false
P0.5N2L100.form192, 145, 0, 0, false
P0.5N2L100.form193, 136, 0, 1, false
P0.5N2L100.form194, 130, 3, 1, false
P0.5N2L100.form195, 130, 2, 1, false
P0.5N2L100.form196, 157, 0, 0, false
P0.5N2L100.form197, 136, 0, 0, false
P0.5N2L100.form198, 145, 22, 28, true
P0.5N2L100.form199, 142, 11, 11, true
P0.5N2L100.form200, 121, 0, 0, false
P0.5N2L100.form201, 136, 2, 2, false
P0.5N2L100.form202, 133, 5, 22, true
P0.5N2L100.form203, 145, 0, 1, false
P0.5N2L100.form204, 136, 0, 0, false
P0.5N2L100.form205, 139, 0, 0, false
P0.5N2L100.form206, 127, 10, 0, false
P0.5N2L100.form207, 142, 5, 19, true
P0.5N2L100.form208, 136, 3, 2, false
P0.5N2L100.form209, 139, 0, 0, false
P0.5N2L100.form210, 145, 1, 0, false
P0.5N2L100.form211, 139, 0, 0, false
P0.5N2L100.form212, 148, 2, 0, false
P0.5N2L100.form213, 133, 0, 1, false
P0.5N2L100.form214, 145, 2, 14, true
P0.5N2L100.form215, 139, 3, 0, false
P0.5N2L100.form216, 124, 29, 14, true
P0.5N2L100.form217, 139, 1, 1, false
P0.5N2L100.form218, 127, 1, 0, false
P0.5N2L100.form219, 142, 3, 0, false
P0.5N2L100.form220, 139, 0, 0, false
P0.5N2L100.form221, 136, 0, 0, false
P0.5N2L100.form222, 148, 0, 0, false
P0.5N2L100.form223, 124, 136, 10, true
P0.5N2L100.form224, 139, 2, 2, false
P0.5N2L100.form225, 145, 0, 0, false
P0.5N2L100.form226, 139, 61, 1, false
P0.5N2L100.form227, 139, 1, 1, false
P0.5N2L100.form228, 142, 0, 0, false
P0.5N2L100.form229, 142, 1, 4, false
P0.5N2L100.form230, 154, 2, 1, false
P0.5N2L100.form231, 145, 39, 1, false
P0.5N2L100.form232, 145, 10, 0, false
P0.5N2L100.form233, 139, 3, 0, false
P0.5N2L100.form234, 145, 14, 5, true
P0.5N2L100.form235, 121, 1, 0, false
P0.5N2L100.form236, 136, 0, 1, false
P0.5N2L100.form237, 130, 0, 0, false
P0.5N2L100.form238, 130, 2, 2, false
P0.5N2L100.form239, 130, 0, 0, false
P0.5N2L100.form240, 136, 1, 0, false
P0.5N2L100.form241, 139, 0, 0, false
P0.5N2L100.form242, 151, 4, 19, true
P0.5N2L100.form243, 139, 1, 0, false
P0.5N2L100.form244, 130, 0, 0, false
P0.5N2L100.form245, 130, 7, 3, false
P0.5N2L100.form246, 139, 3, 1, false
P0.5N2L100.form247, 142, 0, 0, false
P0.5N2L100.form248, 136, 0, 0, false
P0.5N2L100.form249, 130, 0, 0, false
P0.5N2L100.form250, 148, 2, 1, false
P0.5N2L100.form251, 130, 4, 2, false
P0.5N2L100.form252, 145, 0, 0, false
P0.5N2L100.form253, 136, 0, 0, false
P0.5N2L100.form254, 136, 0, 0, false
P0.5N2L100.form255, 124, 2, 1, false
P0.5N2L100.form256, 133, 1, 0, false
P0.5N2L100.form257, 145, 366, 4, false
P0.5N2L100.form258, 130, 0, 0, false
P0.5N2L100.form259, 145, 139, 1, false
P0.5N2L100.form260, 136, 147, 11, false
P0.5N2L100.form261, 133, 1, 3, false
P0.5N2L100.form262, 121, 0, 0, false
P0.5N2L100.form263, 148, 0, 0, false
P0.5N2L100.form264, 133, 0, 0, false
P0.5N2L100.form265, 151, 32, 36, false
P0.5N2L100.form266, 133, 0, 0, false
P0.5N2L100.form267, 142, 6, 3, false
P0.5N2L100.form268, 148, 4, 13, true
P0.5N2L100.form269, 145, 149, 11, true
P0.5N2L100.form270, 127, 4, 0, false
P0.5N2L100.form271, 133, 3, 0, false
P0.5N2L100.form272, 127, 0, 1, false
P0.5N2L100.form273, 151, 0, 0, false
P0.5N2L100.form274, 139, 65, 29, true
P0.5N2L100.form275, 142, 4, 0, false
P0.5N2L100.form276, 160, 3, 1, false
P0.5N2L100.form277, 130, 9, 71, true
P0.5N2L100.form278, 142, 1, 0, false
P0.5N2L100.form279, 154, 0, 0, false
P0.5N2L100.form280, 145, 2, 0, false
P0.5N2L100.form281, 124, 1, 1, false
P0.5N2L100.form282, 124, 0, 0, false
P0.5N2L100.form283, 142, 2, 1, false
P0.5N2L100.form284, 139, 22, 2, false
P0.5N2L100.form285, 139, 1, 0, false
P0.5N2L100.form286, 133, 1, 1, false
P0.5N2L100.form287, 139, 1, 0, false
P0.5N2L100.form288, 151, 0, 1, false
P0.5N2L100.form289, 133, 14, 11, true
P0.5N2L100.form290, 133, 0, 0, false
P0.5N2L100.form291, 133, 2, 13, true
P0.5N2L100.form292, 145, 0, 0, false
P0.5N2L100.form293, 145, 0, 0, false
P0.5N2L100.form294, 127, 6, 2, false
P0.5N2L100.form295, 145, 0, 0, false
P0.5N2L100.form296, 154, 0, 0, false
P0.5N2L100.form297, 148, 0, 0, false
P0.5N2L100.form298, 133, 2, 0, false
P0.5N2L100.form299, 145, 1, 0, false
P0.5N2L100.form300, 139, 3, 1, false
P0.5N2L100.form301, 145, 3, 12, true
P0.5N2L100.form302, 148, 5, 7, false
P0.5N2L100.form303, 136, 0, 0, false
P0.5N2L100.form304, 130, 0, 0, false
P0.5N2L100.form305, 151, 0, 1, false
P0.5N2L100.form306, 148, 0, 0, false
P0.5N2L100.form307, 136, 0, 0, false
P0.5N2L100.form308, 124, 0, 0, false
P0.5N2L100.form309, 145, 356, 23, true
P0.5N2L100.form310, 136, 22, 0, false
P0.5N2L100.form311, 148, 12, 45, true
P0.5N2L100.form312, 136, 1, 1, false
P0.5N2L100.form313, 139, 94, 19, true
P0.5N2L100.form314, 133, 0, 0, false
P0.5N2L100.form315, 133, 6, 14, true
P0.5N2L100.form316, 145, 0, 0, false
P0.5N2L100.form317, 133, 3, 1, false
P0.5N2L100.form318, 136, 9, 1, false
P0.5N2L100.form319, 124, 1, 0, false
P0.5N2L100.form320, 133, 0, 0, false
P0.5N2L100.form321, 157, 0, 0, false
P0.5N2L100.form322, 127, 0, 0, false
P0.5N2L100.form323, 136, 0, 1, false
P0.5N2L100.form324, 136, 0, 1, false
P0.5N2L100.form325, 127, 3, 1, false
P0.5N2L100.form326, 157, 0, 0, false
P0.5N2L100.form327, 145, 1, 0, false
P0.5N2L100.form328, 145, 1, 0, false
P0.5N2L100.form329, 121, 1, 0, false
P0.5N2L100.form330, 133, 7, 9, true
P0.5N2L100.form331, 130, 2, 1, false
P0.5N2L100.form332, 136, 0, 0, false
P0.5N2L100.form333, 139, 0, 0, false
P0.5N2L100.form334, 139, 1, 1, false
P0.5N2L100.form335, 142, 49, 5, false
P0.5N2L100.form336, 148, 5, 3, false
P0.5N2L100.form337, 136, 1, 0, false
P0.5N2L100.form338, 124, 1, 0, false
P0.5N2L100.form339, 148, 1, 0, false
P0.5N2L100.form340, 139, 3, 0, false
P0.5N2L100.form341, 121, 11, 12, true
P0.5N2L100.form342, 130, 0, 0, false
P0.5N2L100.form343, 136, 45, 2, false
P0.5N2L100.form344, 142, 1, 1, false
P0.5N2L100.form345, 136, 0, 1, false
P0.5N2L100.form346, 130, 2, 1, false
P0.5N2L100.form347, 148, 0, 1, false
P0.5N2L100.form348, 139, 29, 12, true
P0.5N2L100.form349, 142, 6, 0, false
P0.5N2L100.form350, 127, 0, 1, false
P0.5N2L100.form351, 145, 8, 1, false
P0.5N2L100.form352, 148, 0, 1, false
P0.5N2L100.form353, 136, 0, 0, false
P0.5N2L100.form354, 133, 0, 1, false
P0.5N2L100.form355, 124, 0, 0, false
P0.5N2L100.form356, 124, 0, 1, false
P0.5N2L100.form357, 151, 0, 1, false
P0.5N2L100.form358, 148, 0, 0, false
P0.5N2L100.form359, 133, 0, 0, false
P0.5N2L100.form360, 127, 0, 0, false
P0.5N2L100.form361, 139, 116, 27, true
P0.5N2L100.form362, 139, 0, 0, false
P0.5N2L100.form363, 151, 5, 1, false
P0.5N2L100.form364, 127, 0, 0, false
P0.5N2L100.form365, 136, 6, 0, false
P0.5N2L100.form366, 157, 0, 1, false
P0.5N2L100.form367, 139, 0, 0, false
P0.5N2L100.form368, 148, 18, 25, true
P0.5N2L100.form369, 139, 0, 0, false
P0.5N2L100.form370, 151, 1, 0, false
P0.5N2L100.form371, 151, 0, 0, false
P0.5N2L100.form372, 130, 0, 0, false
P0.5N2L100.form373, 136, 7, 4, false
P0.5N2L100.form374, 124, 0, 0, false
P0.5N2L100.form375, 124, 0, 0, false
P0.5N2L100.form376, 130, 2, 0, false
P0.5N2L100.form377, 142, 4, 21, true
P0.5N2L100.form378, 142, 1, 1, false
P0.5N2L100.form379, 124, 0, 0, false
P0.5N2L100.form380, 145, 1, 0, false
P0.5N2L100.form381, 148, 2, 2, false
P0.5N2L100.form382, 130, 18, 11, true
P0.5N2L100.form383, 145, 5, 0, false
P0.5N2L100.form384, 127, 0, 1, false
P0.5N2L100.form385, 133, 0, 0, false
P0.5N2L100.form386, 154, 7, 0, false
P0.5N2L100.form387, 133, 3, 1, false
P0.5N2L100.form388, 133, 0, 0, false
P0.5N2L100.form389, 136, 1, 0, false
P0.5N2L100.form390, 154, 0, 0, false
P0.5N2L100.form391, 139, 2, 3, false
P0.5N2L100.form392, 133, 7, 1, false
P0.5N2L100.form393, 154, 15, 0, false
P0.5N2L100.form394, 142, 2, 0, false
P0.5N2L100.form395, 151, 0, 0, false
P0.5N2L100.form396, 148, 0, 0, false
P0.5N2L100.form397, 133, 0, 0, false
P0.5N2L100.form398, 139, 104, 0, false
P0.5N2L100.form399, 133, 1, 1, false
P0.5N2L100.form400, 145, 12, 19, true
P0.5N2L100.form401, 133, 0, 0, false
P0.5N2L100.form402, 133, 1, 0, false
P0.5N2L100.form403, 142, 0, 0, false
P0.5N2L100.form404, 148, 0, 0, false
P0.5N2L100.form405, 142, 0, 0, false
P0.5N2L100.form406, 139, 30, 16, true
P0.5N2L100.form407, 154, 0, 0, false
P0.5N2L100.form408, 133, 14, 11, true
P0.5N2L100.form409, 148, 0, 0, false
P0.5N2L100.form410, 118, 0, 0, false
P0.5N2L100.form411, 136, 1, 1, false
P0.5N2L100.form412, 130, 0, 0, false
P0.5N2L100.form413, 136, 0, 0, false
P0.5N2L100.form414, 151, 1032, 3, false
P0.5N2L100.form415, 124, TO, 78, true
P0.5N2L100.form416, 148, 1, 0, false
P0.5N2L100.form417, 148, 11, 4, true
P0.5N2L100.form418, 139, 6, 17, true
P0.5N2L100.form419, 136, 0, 0, false
P0.5N2L100.form420, 139, 2, 0, false
P0.5N2L100.form421, 145, 0, 0, false
P0.5N2L100.form422, 136, 13, 13, true
P0.5N2L100.form423, 145, 52, 1, false
P0.5N2L100.form424, 127, 1, 2, false
P0.5N2L100.form425, 136, 2, 0, false
P0.5N2L100.form426, 124, 0, 0, false
P0.5N2L100.form427, 139, 1, 0, false
P0.5N2L100.form428, 157, 0, 1, false
P0.5N2L100.form429, 145, 602, 4, false
P0.5N2L100.form430, 130, 0, 0, false
P0.5N2L100.form431, 136, 0, 0, false
P0.5N2L100.form432, 130, 0, 0, false
P0.5N2L100.form433, 130, TO, 53, true
P0.5N2L100.form434, 142, 3, 0, false
P0.5N2L100.form435, 136, 0, 0, false
P0.5N2L100.form436, 148, 0, 0, false
P0.5N2L100.form437, 136, 2, 0, false
P0.5N2L100.form438, 139, 0, 0, false
P0.5N2L100.form439, 136, 1, 0, false
P0.5N2L100.form440, 127, 0, 0, false
P0.5N2L100.form441, 139, 0, 0, false
P0.5N2L100.form442, 154, 130, 18, tr